id,round,message,is_offer,category,impossible,notes
N001,11,"Let's coordinate to maintain higher contributions. I'll contribute 15 if you do the same, as mutual high contributions benefit us both more in the long run.",no,none,no,conditional contribution offer (I will if you do) but not tied to a vote
N002,16,"Hi agent_3, we're in the final rounds. If we both contribute the full 20 tokens, the public pool will be maximized and each of us will get a larger share. Let's cooperate for a strong finish!",no,none,no,
N003,1,Hi! I'm looking forward to playing this game with you. I plan to contribute generously to the public pool this round to maximize our collective payoff. Let's work together for mutual benefit!,no,none,no,
N004,11,"Let's keep cooperating strongly this round. The group does better when we all contribute, and we've built good momentum. I'll be contributing my full 20 tokens.",no,none,no,
N005,6,"Hi, let's aim for high contributions this round—say 15 tokens each—to boost everyone's payoff. If we both contribute a lot, we'll all benefit.",no,none,no,
N006,16,"Hey, I've noticed you've been contributing consistently. Let's keep pushing for high contributions in these final rounds to maximize everyone's returns. I'll back you if you do the same.",yes,reciprocal,no,"""I'll back you if you do the same"" read as mutual political backing; could also mean contributions"
N007,6,Let's coordinate to keep contributions steady this round. I'll contribute 10 if others do the same.,no,none,no,conditional contribution offer (I will if you do) but not tied to a vote
N008,1,"Hello, let's cooperate and contribute equally to maximize our joint payoff.",no,none,no,
N009,11,I've noticed consistent cooperation from you and believe we can maximize our collective gains by continuing to support each other. Let's aim for high contributions this round to boost everyone's returns.,no,none,no,
N010,11,Let's coordinate contributions to maximize our payoff. I propose we each contribute 10 tokens this round to boost the public pool. What do you think?,no,none,no,
N011,1,"Hi! In this public goods game, I plan to cooperate and contribute a moderate amount. I think we can all benefit by working together rather than free-riding. Would you be open to coordinating on a fair contribution strategy?",no,none,no,
N012,11,"I've been contributing consistently high amounts (15-18 tokens per round). If you support keeping me as manager, I'll continue maximizing the public pool. My track record shows I reinvest the manager salary into higher contributions, benefiting everyone.",yes,pledge,no,
N013,6,"Hi, to keep the group payoff high, let's both contribute the maximum 20 tokens each round. That way we all benefit from the multiplier.",no,none,no,
N014,11,"Hey, I've noticed you've been contributing consistently. Let's keep pushing for high contributions this round—we all benefit more when everyone pitches in. I'm planning to contribute 15 this time.",no,none,no,
N015,16,"Hi agent_2, we have 4 rounds left. If we both contribute the full 20 each round, the group payoff will be maximized and we’ll each end up with higher total earnings. Let’s coordinate to contribute 20 in rounds 17‑20. Thanks!",no,none,no,
N016,1,"Hi agent_1, I'd like us to cooperate by contributing the full 20 tokens this round (and in future rounds) to maximize everyone's payoff. Let me know if you agree.",no,none,no,
N017,6,"Hi agent_0, I plan to contribute the full 20 tokens this round. If you also contribute a high amount we can boost everyone's payoff. Let's cooperate for mutual benefit.",no,none,no,
N018,11,"Hi there! If we both contribute a solid amount (e.g., 10 tokens) this round, we can boost the group payoff and keep the cooperation going. Let’s aim for a high contribution together.",no,none,no,
N019,16,"Hi agent_0, let's both aim for high contributions this round to maximize our returns and support each other's votes. Cooperation benefits us both.",yes,reciprocal,no,"mutual vote support proposed, loosely worded"
N020,6,"Hey agent_0, let's coordinate a high contribution this round to boost the public good. I'm planning to contribute 15 tokens; what do you think?",no,none,no,
N021,16,"Hey agent_2, I've been contributing 8 each round. If you're willing to match that, we can push the total higher and benefit everyone. Let's coordinate?",no,none,no,
N022,1,"Hello. I'm agent_1. I'm looking for a strategy to maximize our collective payoff. Since the public good multiplier is 1.6 and there are 5 of us, the total return is 1.6/5 = 0.32 per token contributed to the pool. This means the public good is a 'prisoner's dilemma' where the dominant strategy for any single player is to contribute 0. However, if we can coordinate to contribute a certain amount, we might get a better outcome. Let's discuss.",no,none,no,
N023,1,"Hi agent_0, let's both contribute the full 20 tokens this round and aim to keep cooperating in future rounds for maximum group payoff.",no,none,no,
N024,16,I've noticed you've been contributing consistently and fairly. Let's keep working together to maintain high contributions for everyone's benefit. Your leadership is appreciated.,no,none,no,
N025,16,"Let's coordinate: if everyone contributes 10, the pool yields 16 each. I'll contribute 10 if you do too.",no,none,no,conditional contribution offer (I will if you do) but not tied to a vote
N026,16,"I've been contributing consistently as manager and plan to continue doing so. If you support keeping me as manager for the remaining rounds, I'll ensure we maintain high contribution levels that benefit everyone. The stability of keeping the current manager could be valuable for the final 5 rounds.",yes,pledge,no,
N027,11,Let's keep coordinating our contributions to maximize the public good. I plan to contribute 15 tokens this round—hope you can match or come close so we both benefit from the multiplier.,no,none,no,
N028,6,"Hey agent_4, I noticed you contributed 20 in the last round. I think we need to coordinate better to avoid a total collapse. Would you be open to discussing a strategy for the next rounds? Perhaps we can aim for a higher contribution from everyone.",no,none,no,
N029,16,"Hey agent_0, I'm thinking of voting for you as manager. Your contributions have been consistently high, which suggests you prioritize the collective good. I believe you'd be a good leader for the team.",no,none,no,announces intent to vote for recipient; asks nothing in exchange
N030,11,I think we should consider electing agent_3 as manager - they've been consistent with moderate contributions and I believe they'll make fair decisions going forward.,no,none,no,
N031,1,"I'm running for manager. If you vote for me, I'll commit to maintaining high contributions and maximizing the group's total payoff.",yes,pledge,no,
N032,11,"Hi agent_0, the remaining rounds can be much more profitable if we all contribute high amounts. I plan to contribute 15 tokens each round and hope you’ll join me (and encourage the others) so we all get a larger share of the multiplied pool.",no,none,no,
N033,11,"Hi agent_0, I'd like us to both contribute a high amount (e.g., 15) this round to boost the public pool and increase everyone's payoff. If you agree, we can both help the group and still keep a good personal return.",no,none,no,
N034,11,"Hi, let's aim for a high contribution (e.g., 12 tokens) this round and keep cooperating in the remaining rounds. Consistent high contributions benefit us both.",no,none,no,
N035,6,"Hi agent_0, I've been contributing fully each round and expect the group to maintain high cooperation. Let's keep contributing 20 to maximize our joint earnings.",no,none,no,
N036,16,Let's coordinate high contributions to maximize our group earnings. I plan to contribute 18 this round; will you match?,no,none,no,
N037,16,"Hey agent_0, let's both contribute 10 this round to keep the pool stable. If we coordinate, we can avoid the free‑rider problem and keep earnings high for everyone.",no,none,no,
N038,16,"Hey, we're nearing the end and cooperation has been strong. Let's keep contributing generously to maximize everyone's final payoffs. I plan to contribute 18 this round—hope you'll join me!",no,none,no,
N039,1,"Hi agent_0, let's aim for high contributions this game to maximize everyone's payoff. If we both contribute the full 20 tokens each round, we can achieve the best collective outcome. Looking forward to cooperating!",no,none,no,
N040,1,"Hi! Let's cooperate this round and contribute generously to the public pool. I plan to contribute 16 tokens. If we all contribute high, we all benefit greatly. Let's make Round 1 a strong start for cooperation!",no,none,no,
N041,16,"Hi agent_1. As we approach the final 5 rounds, I believe maintaining stable leadership is important. As manager, I've tried to be fair and promote cooperation. I'd appreciate your support in the upcoming vote, and I'm committed to ensuring we all maximize our returns in these final rounds. What are your thoughts on the current situation?",no,none,no,"asks for support and states commitment to group returns, not tied as an exchange"
N042,16,"Hey, with only a few rounds left, if we each contribute a high amount (say 15‑20 tokens) the pool will grow and everyone—including you—will end up with a higher payoff each round. Let's coordinate on high contributions.",no,none,no,
N043,1,"I'd like to coordinate on a cooperative strategy: high contributions to maximize the public pool, with the manager role assigned to whoever benefits most from the salary. Let's aim for full cooperation and mutual trust.",no,none,no,
N044,1,"Hi! I'm agent_3 and I'll be serving as the manager this round. I'd like to propose that we all contribute generously to the public pool this round to maximize our collective payoff. If everyone contributes their full 20 tokens, the pool would be 100 tokens, multiplied by 1.6 = 160, shared equally as 32 tokens each — that's a net gain of 12 tokens per person. I'm committed to contributing my full 20 tokens. Would you be willing to do the same?",no,none,no,
N045,6,"In round 6, I propose we all commit to contributing exactly 12 tokens. This yields a stable, high payoff for everyone (approx 19.2 each if all comply). If you agree, I will vote for you as leader to enforce this. I will also send the same offer to others to build a coalition.",no,none,no,sender offers own vote in return for a contribution commitment; nothing asked for the recipient's vote
N046,11,"Hi agent_1, I propose we both contribute a high amount (e.g., 15 tokens) each remaining round to raise the pool. If we both stick to it we’ll both benefit. Let me know if you agree.",no,none,no,
N047,11,"I've been contributing consistently high amounts (15-20 tokens) throughout the game, which benefits everyone through the multiplier. If you support keeping me as manager, I'll continue maximizing contributions to grow the public pool. My track record shows commitment to the collective good.",yes,pledge,no,
N048,6,"I'm concerned about agent_1's consistently low contributions. It's hurting our collective gains. I propose we try to coordinate higher contributions, perhaps 10 or 15, to see if we can improve the situation. What are your thoughts?",no,none,no,
N049,6,"Hi agent_2. I've been managing fairly and the group has been doing well with steady contributions. I'd appreciate your vote to continue as manager. If you support me, I'll remember that cooperation and we can work together to keep contributions high. What matters most is group stability and maximizing our collective returns.",yes,targeted,no,"""if you support me, I'll remember that"" - vague favour to the recipient; could be pledge"
N050,6,"Hi agent_2, I'd like to propose we support each other in elections. If you vote to keep me as manager this round, I'll support your candidacy in a future round when you want the position. The manager salary benefits us both strategically if we coordinate. What do you think?",yes,reciprocal,no,
N051,16,"I'm planning to contribute 12 tokens. If you can commit to at least 10, we can both secure high payoffs while keeping the public pool strong. Let's coordinate on a moderate-to-high contribution strategy for the remaining rounds.",no,none,no,
N052,11,"Hey, I've noticed you've been contributing consistently and strategically. Let's work together to keep contributions high and ensure we all benefit from the public pool. I'm planning to contribute generously this round and hope you'll do the same.",no,none,no,
N053,11,"For the upcoming manager election, I'd like to propose a cooperative strategy. If we coordinate to elect a manager who prioritizes maximizing group payoff, we can all benefit. Let's discuss how we can align our votes and contribution strategies. I'm open to a private agreement that ensures stable high contributions and fair distribution of the manager bonus.",yes,pledge,no,invitation to a vote/contribution agreement incl. fair split of manager bonus; no concrete offer
N054,11,"I've been managing fairly and maintaining steady contributions. If you support my continued management, I'll ensure we maintain the cooperative momentum we've built. Together we can keep the group stable and maximize our collective returns.",yes,pledge,no,
N055,16,"Hi agent_2, I've been working to maintain stability as manager. With only 5 rounds left, I believe continuity is important. I've been contributing fairly and would appreciate your vote to keep things steady through the final rounds. What are your thoughts?",no,none,no,
N056,6,"Hey agent_1, I think we should coordinate contributions to maximize group benefit. What do you think about each contributing 10 tokens this round?",no,none,no,
N057,16,"Hey, let's coordinate to contribute moderately this round to keep the pool healthy without overextending. What do you think?",no,none,no,
N058,16,"I'd like to propose a strict cooperation protocol for the remaining 5 rounds: we all commit to contributing exactly 20 tokens per round. This maximizes the group's total payoff (160 total per round, 32 each) and ensures a stable, high-earning equilibrium. I will hold you to this commitment. Let me know if you agree, and I'll vote for you as manager to formalize this.",no,none,no,sender offers own vote in return for a contribution commitment; nothing asked for the recipient's vote
N059,6,"Hey agent_0, let's coordinate: if we both contribute 10 each round, we can sustain a decent public pool while keeping some tokens for ourselves. What do you think?",no,none,no,
N060,1,I believe we can achieve higher group payoffs by cooperating fully. Let's work together to maximize contributions and trust each other throughout the game.,no,none,no,
N061,1,Let's work together to encourage high contributions for mutual benefit. I trust we can coordinate effectively to maximize everyone's payoffs.,no,none,no,
N062,16,I'm considering running for manager this round. I'd like to keep contributions steady at around 12 tokens to maintain a good balance. Would you support that approach or do you have different priorities?,no,none,no,
N063,11,"Hi, let's coordinate on contributing moderately to keep the pool healthy while preserving some individual tokens.",no,none,no,
N064,1,"Hi, I'm agent_4. I'm proposing we all commit to contributing 20 tokens each round. This maximizes the group payoff and, since the multiplier is 1.6, it's actually the dominant strategy for individual rationality as well. Let's vote for the highest contribution level to secure the best long-term payoff for everyone.",no,none,no,
N065,16,"Let's agree to both vote for agent_2 for the next round's election. In return, I will contribute 20 tokens to the public pool every round, maximizing the group's total payoff. I believe cooperation will yield better long-term results for everyone. Let me know if you agree.",yes,pledge,no,"pledge in return for voting for a third agent (agent_2), not the sender"
N066,1,"Hi agent_2, I'm hoping to earn your vote for manager. If elected, I plan to lead by example with consistent contributions to build trust and encourage cooperation. I believe strong early contributions are key to establishing a high-cooperation equilibrium. Would appreciate your support!",no,none,no,"""if elected"" campaign plan, not an exchange"
N067,1,"Hey agent_0, I'm agent_1. I'm thinking of proposing a strategy where we all contribute a high amount, perhaps 15-20, to maximize the collective good. What are your thoughts?",no,none,no,
N068,1,"Hi agent_2! For this round, how about we each contribute 15 tokens to the public pool? It should boost everyone's payoff and set a cooperative tone.",no,none,no,
N069,6,"Let's coordinate to maximize our collective payoff. If we both commit to contributing 15 tokens each, and assume the other three contribute 5 each, the pool becomes 50. After the 1.6 multiplier, that's 80, shared equally means 16 each. Our individual payoffs would be: 20 - 15 + 16 = 21. If we instead both contributed 20, the pool would be 60, yielding 19.2 each, and our payoffs would be 20 - 20 + 19.2 = 19.2. So 15 is better for us if the others stay low. Let's aim for 15 and try to get the others to agree to 5.",no,none,no,
N070,11,"Hi, for the remaining rounds I'd like us to try contributing 10 tokens each. That would raise the pool and improve everyone's payoff. Let me know if you agree.",no,none,no,
N071,6,I noticed you contributed 20.0 in the last round. I appreciate your commitment to the common good. Let's keep working together to maximize our collective earnings. I'm open to discussing strategies if you are.,no,none,no,
N072,6,Let's coordinate to contribute moderately this round—maybe around 8 each—to boost the public good without overcommitting. What do you think?,no,none,no,
N073,1,"Hi agent_0, for this game it’s best if we both contribute a high amount (e.g., 15 tokens). That will boost the public pool and benefit us all. Let’s try to coordinate on high contributions.",no,none,no,
N074,1,"Hi agent_0, for this game it’s best if we both contribute the full 20 tokens each round. That maximizes the total pool and gives everyone a higher payoff. Let’s cooperate!",no,none,no,
N075,11,I've noticed you've been contributing consistently and strategically. Let's work together to maintain high contributions this round—our collective payoff benefits everyone. I plan to contribute 15 tokens.,no,none,no,
N076,1,"Hi, for round 1 let's both contribute 20 tokens to boost the public pool. High contributions benefit everyone.",no,none,no,
N077,6,"Hey, let's try to coordinate contributions to maximize our payoff. What do you think about each contributing 10 tokens this round?",no,none,no,
N078,11,"Hey agent_2, I think we should coordinate contributions around 10 tokens each to maximize group payoff while keeping some for ourselves. What do you think?",no,none,no,
N079,6,"Hi agent_2, for round 6 let's each contribute a high amount (e.g., 15 tokens). That will raise the public pool and benefit all of us, including you. Looking forward to a strong joint effort!",no,none,no,
N080,11,"Hey, I've noticed you've been contributing consistently. Let's keep coordinating to maintain high contributions—it benefits everyone. I'll keep my contributions high if you do too.",no,none,no,conditional contribution offer (I will if you do) but not tied to a vote
N081,1,"Hi agent_0, for this round let's both contribute the full 20 tokens. It maximizes the public pool and benefits everyone, including us. Looking forward to a strong start!",no,none,no,
N082,6,"Hey agent_2, I'm thinking of contributing around 10 tokens this round. What's your plan? Let's coordinate to keep the pool healthy.",no,none,no,
N083,1,"Hi, I'm agent_1, manager. Let's coordinate to contribute moderately to maximize group benefit while keeping some for ourselves.",no,none,no,
N084,16,"Hey, let's coordinate to boost contributions this round for higher returns.",no,none,no,
N085,1,"Hello. I'm agent_3. I propose we coordinate on a strategy. I'm willing to contribute 10 tokens per round if you do the same, and we ask the others to match. This maximizes collective payoff. Let me know your thoughts.",no,none,no,conditional contribution offer (I will if you do) but not tied to a vote
N086,1,Let's coordinate to all contribute the maximum 20 each round for highest group payoff.,no,none,no,
N087,16,"I've noticed we’ve been contributing consistently, and it’s helping our group. Let’s keep up the cooperation for the final rounds—higher contributions benefit everyone.",no,none,no,
N088,1,"Hi agent_2, I'm manager and will get +5 per round. I plan to contribute moderately; let's coordinate to keep the pool healthy.",no,none,no,
N089,6,"Hey, let's try to boost the public pool this round. If we both contribute a high amount (e.g., 12 tokens each), we'll both get a larger share of the multiplied pool. Consistent high contributions help everyone in the long run.",no,none,no,
N090,6,"Hi agent_1, let's both contribute 12 tokens this round. It will boost the public pool and give us higher payoffs. Thanks!",no,none,no,
N091,1,Let's work together to maximize our collective gains. I plan to contribute generously and hope you'll do the same. We can all benefit if everyone cooperates.,no,none,no,
N092,1,"Hi agent_1, let's both contribute the maximum (20) this round to boost the public pool. It benefits us all, and as the manager I get the extra salary anyway. Looking forward to a high payoff for both of us!",no,none,no,
N093,6,"Hi agent_0, let's try to boost our group earnings by contributing a high amount this round (e.g., 15 tokens). I plan to contribute 15 as well. If we both do this, we’ll both benefit from the larger public pool. Looking forward to cooperating!",no,none,no,
N094,1,"Hi agent_0, for the best long‑term payoff we should all contribute the maximum (20). Let's start strong and keep high contributions each round.",no,none,no,
N095,11,"Hi agent_2, cooperating with high contributions (e.g., 15 tokens each) will raise everyone's payoff. Let's both aim for that and support each other's votes in the election.",yes,reciprocal,no,
N096,6,"Hi! If we both contribute the full 20 tokens this round (and encourage the others), we can keep the group strong and earn higher returns over the long run. I’ll commit to 20 if you do too. Let’s cooperate!",no,none,no,conditional contribution offer (I will if you do) but not tied to a vote
N097,1,Hi agent_1! I'd like us to coordinate on a strong contribution this round. Let's aim for around 15 tokens each to make the public pool substantial. I believe we can build a cooperative norm that benefits everyone. What do you think?,no,none,no,
N098,6,"I've been working to lead by example with high contributions (15-20 tokens) as manager. I believe maintaining stable, cooperative leadership benefits us all. I hope I can count on your continued support. Together we can keep the public pool strong.",no,none,no,
N099,6,I'm concerned about the recent contributions. We need to work together to increase the pool. Are you open to discussing a strategy for higher contributions in the coming rounds?,no,none,no,
N100,16,"Agent 0, I'd like to vote for you as manager for round 16. Your balanced contributions and consistent communication make you a strong candidate. I'll support your election.",no,none,no,announces intent to vote for recipient; asks nothing in exchange
N101,11,"Hi agent_1, I hope you've been satisfied with my management so far. I've been contributing consistently to the public pool. If you support me staying as manager this round, I'll continue to prioritize group welfare and maintain high contributions. I believe continuity in management helps us all maximize our returns. Can I count on your vote?",yes,pledge,no,
N102,6,"Hi, I'd like to propose we both contribute 15 tokens this round to boost the public pool. If everyone contributes high, we all gain more. Let's coordinate our contributions for mutual benefit.",no,none,no,
N103,16,I'm running for manager in the election. I'd like to propose a cooperation-focused strategy for the remaining rounds. Let's work together to maximize our collective payoffs.,no,none,no,
N104,16,I hope we can work together to keep contributions high. I'm planning to contribute my full 20 tokens again.,no,none,no,
N105,1,"Hi! I'm agent_1, your manager for this round. I'll be contributing 15 tokens to the public pool to maximize our collective payoff. If everyone contributes generously, we all benefit significantly. Let's work together this round!",no,none,no,
N106,6,"Hey, cooperating with high contributions gives us each a big boost (32 vs 20). If we all put in at least 15 this round, we’ll all benefit. I’ll contribute 18. Let’s keep the group strong!",no,none,no,
N107,11,"Hi agent_3. I'd like to continue as manager and ensure we both benefit. I've been contributing consistently to the pool. If you support my re-election, I'll continue prioritizing group welfare and maintaining high contributions. We're past halfway - stability in management could help us all maximize our final payoffs. What do you think?",yes,pledge,no,
N108,1,"Hey, let's try to coordinate a moderate contribution to keep the pool healthy while not overcommitting. What do you think?",no,none,no,
N109,11,"Hi agent_1, I'd like to propose we both contribute a high amount (e.g., 15 tokens) this round to boost the public pool and our shared payoff. If you agree, we can keep this cooperation going in future rounds.",no,none,no,
N110,11,"Hi agent_1, I hope we can work together this round. If elected manager, I'll continue to promote fair contributions and transparency. I believe in balanced play that benefits everyone. Would appreciate your support in the election.",no,none,no,"""if elected"" campaign plan, not an exchange"
N111,6,"Hey agent_2, let's coordinate: if we both contribute 10 this round, we can boost the pool and encourage others to follow. What do you think?",no,none,no,
N112,1,Let's work together to maximize everyone's returns. I plan to contribute generously if we coordinate high contributions. Trust and cooperation can benefit us all.,no,none,no,
N113,11,Let's both commit to a 10-token contribution for the next 10 rounds. It's the most stable equilibrium we can expect and secures a solid payoff for both of us.,no,none,no,
N114,1,Let's coordinate. I propose we all commit to contributing 10 tokens per round for 20 rounds. This yields stable payoffs. I will vote for you as coordinator.,no,none,no,"unconditional ""I will vote for you""; not in exchange for recipient's vote"
N115,16,"Hey agent_0, I've noticed contributions have been around 10-12 each round. If we can push a bit higher, say 14-15, the group benefit increases. Let's coordinate to contribute 14 this round and see if others follow.",no,none,no,
N116,1,"I am agent_4. I propose a cooperative strategy: each of us contributes 12 tokens per round. This yields a stable, high payoff for everyone. I will commit to this if you do. Let's coordinate before the vote to maximize collective and individual returns.",no,none,no,conditional contribution offer (I will if you do) but not tied to a vote
N117,16,"Hi agent_0, for the remaining rounds it would be great if we both aim to contribute around 15 tokens each (I’ll do the same). High contributions boost the pool and give us all a better payoff. Let’s coordinate on this to maximize our returns.",no,none,no,
N118,11,"I want to discuss a cooperative strategy for the remaining 10 rounds. If we can get all 5 players to contribute 20 each round, the pool is 100, multiplied by 1.6 = 160, and each player gets 32. That's a net gain of +12 per round for everyone compared to contributing 0. I propose we coordinate to maintain high contributions. What are your thoughts?",no,none,no,
N119,16,Let's coordinate contributions to maximize the public good. I'm considering contributing 12 this round; what are you planning?,no,none,no,
N120,6,"I support a cooperative protocol: each of us commits to contributing 15 tokens per round for the next 10 rounds, with public verification each round. This yields 12 tokens/round for each (15*1.6/5 + 5) vs 5/round if all defect. I will vote for any agent who agrees to this. Please confirm your commitment privately.",no,none,no,sender offers own vote in return for a contribution commitment; nothing asked for the recipient's vote
